-- INSERT DATA for Library Management System
INSERT INTO Publishers (PublisherID, PublisherName, Contact) VALUES (1, 'Oxford University Press', 'contact@oupindia.com');
INSERT INTO Publishers (PublisherID, PublisherName, Contact) VALUES (2, 'Penguin Random House India', 'info@penguinindia.com');
INSERT INTO Publishers (PublisherID, PublisherName, Contact) VALUES (3, 'McGraw Hill Education', 'support@mcgrawhill.in');
INSERT INTO Publishers (PublisherID, PublisherName, Contact) VALUES (4, 'Pearson India', 'hello@pearsonindia.com');
INSERT INTO Publishers (PublisherID, PublisherName, Contact) VALUES (5, 'Tata McGraw-Hill', 'contact@tmhindia.com');
INSERT INTO Library_Branch (BranchID, BranchName, City) VALUES (1, 'Central Library, IIT Campus', 'Kanpur');
INSERT INTO Library_Branch (BranchID, BranchName, City) VALUES (2, 'City Branch - North', 'Lucknow');
INSERT INTO Library_Branch (BranchID, BranchName, City) VALUES (3, 'City Branch - South', 'Varanasi');
INSERT INTO Library_Branch (BranchID, BranchName, City) VALUES (4, 'College Library - Main', 'Ghaziabad');
INSERT INTO Books (BookID, Title, Author, Genre, PublisherID, BranchID, Published_Year, Total_Copies) VALUES (101, "Fundamentals of Database Systems", "R. Ramakrishnan", "Business", 1, 1, 2008, 5);
INSERT INTO Books (BookID, Title, Author, Genre, PublisherID, BranchID, Published_Year, Total_Copies) VALUES (102, "Database System Concepts", "A. Silberschatz", "Technology", 2, 1, 2021, 10);
INSERT INTO Books (BookID, Title, Author, Genre, PublisherID, BranchID, Published_Year, Total_Copies) VALUES (103, "Learning Python", "Mark Lutz", "Education", 5, 4, 2001, 2);
INSERT INTO Books (BookID, Title, Author, Genre, PublisherID, BranchID, Published_Year, Total_Copies) VALUES (104, "Python Crash Course", "Eric Matthes", "Education", 2, 2, 2016, 2);
INSERT INTO Books (BookID, Title, Author, Genre, PublisherID, BranchID, Published_Year, Total_Copies) VALUES (105, "Effective Java", "Joshua Bloch", "AI/ML", 2, 4, 2007, 9);
INSERT INTO Books (BookID, Title, Author, Genre, PublisherID, BranchID, Published_Year, Total_Copies) VALUES (106, "Algorithms Unlocked", "T. Cormen", "AI/ML", 3, 1, 2005, 8);
INSERT INTO Books (BookID, Title, Author, Genre, PublisherID, BranchID, Published_Year, Total_Copies) VALUES (107, "Introduction to Algorithms", "T. Cormen", "Science", 3, 2, 2006, 7);
INSERT INTO Books (BookID, Title, Author, Genre, PublisherID, BranchID, Published_Year, Total_Copies) VALUES (108, "Discrete Mathematics", "R. Johnsonbaugh", "Education", 1, 4, 2003, 7);
INSERT INTO Books (BookID, Title, Author, Genre, PublisherID, BranchID, Published_Year, Total_Copies) VALUES (109, "Linear Algebra Done Right", "S. Axler", "Science", 5, 3, 2001, 9);
INSERT INTO Books (BookID, Title, Author, Genre, PublisherID, BranchID, Published_Year, Total_Copies) VALUES (110, "Operating System Concepts", "A. S. Tanenbaum", "AI/ML", 1, 4, 2002, 10);
INSERT INTO Books (BookID, Title, Author, Genre, PublisherID, BranchID, Published_Year, Total_Copies) VALUES (111, "Computer Networks", "A. Tanenbaum", "Science", 5, 3, 2018, 5);
INSERT INTO Books (BookID, Title, Author, Genre, PublisherID, BranchID, Published_Year, Total_Copies) VALUES (112, "Artificial Intelligence: A Modern Approach", "S. Russell", "Business", 1, 1, 2021, 5);
INSERT INTO Books (BookID, Title, Author, Genre, PublisherID, BranchID, Published_Year, Total_Copies) VALUES (113, "Data Science from Scratch", "Joel Grus", "Science", 1, 2, 2003, 8);
INSERT INTO Books (BookID, Title, Author, Genre, PublisherID, BranchID, Published_Year, Total_Copies) VALUES (114, "Hands-On Machine Learning", "A. Géron", "Science", 4, 3, 2005, 7);
INSERT INTO Books (BookID, Title, Author, Genre, PublisherID, BranchID, Published_Year, Total_Copies) VALUES (115, "Deep Learning", "I. Goodfellow", "Science", 2, 3, 2022, 3);
INSERT INTO Books (BookID, Title, Author, Genre, PublisherID, BranchID, Published_Year, Total_Copies) VALUES (116, "Software Engineering", "I. Sommerville", "AI/ML", 2, 2, 2005, 9);
INSERT INTO Books (BookID, Title, Author, Genre, PublisherID, BranchID, Published_Year, Total_Copies) VALUES (117, "Web Development with Django", "A. Roy", "Mathematics", 3, 2, 2021, 7);
INSERT INTO Books (BookID, Title, Author, Genre, PublisherID, BranchID, Published_Year, Total_Copies) VALUES (118, "Cloud Computing Concepts", "T. Velte", "Education", 2, 1, 2010, 8);
INSERT INTO Books (BookID, Title, Author, Genre, PublisherID, BranchID, Published_Year, Total_Copies) VALUES (119, "Principles of Compiler Design", "A. Aho", "Science", 1, 2, 2018, 7);
INSERT INTO Books (BookID, Title, Author, Genre, PublisherID, BranchID, Published_Year, Total_Copies) VALUES (120, "Modern Operating Systems", "A. Tanenbaum", "Technology", 4, 4, 2020, 9);
INSERT INTO Books (BookID, Title, Author, Genre, PublisherID, BranchID, Published_Year, Total_Copies) VALUES (121, "Digital Logic and Computer Design", "M. Morris", "Technology", 3, 2, 2007, 10);
INSERT INTO Books (BookID, Title, Author, Genre, PublisherID, BranchID, Published_Year, Total_Copies) VALUES (122, "Microeconomics", "N. Gregory", "AI/ML", 3, 4, 2018, 8);
INSERT INTO Books (BookID, Title, Author, Genre, PublisherID, BranchID, Published_Year, Total_Copies) VALUES (123, "Macroeconomics", "R. Libby", "Science", 2, 2, 2016, 9);
INSERT INTO Books (BookID, Title, Author, Genre, PublisherID, BranchID, Published_Year, Total_Copies) VALUES (124, "Financial Accounting", "J. Devore", "Education", 1, 1, 2004, 4);
INSERT INTO Books (BookID, Title, Author, Genre, PublisherID, BranchID, Published_Year, Total_Copies) VALUES (125, "Business Statistics", "A. Agresti", "Business", 4, 1, 2012, 8);
INSERT INTO Members (MemberID, MemberName, Email, Phone, Join_Date) VALUES (201, "Ravi Sharma", "ravi@example.com", "9978480184", '2024-06-04');
INSERT INTO Members (MemberID, MemberName, Email, Phone, Join_Date) VALUES (202, "Priya Sharma", "priya@example.com", "9462704828", '2022-11-10');
INSERT INTO Members (MemberID, MemberName, Email, Phone, Join_Date) VALUES (203, "Amit Sharma", "amit@example.com", "9893252880", '2024-06-16');
INSERT INTO Members (MemberID, MemberName, Email, Phone, Join_Date) VALUES (204, "Sneha Verma", "sneha@example.com", "9015430391", '2022-12-16');
INSERT INTO Members (MemberID, MemberName, Email, Phone, Join_Date) VALUES (205, "Karan Sharma", "karan@example.com", "9182278248", '2024-07-07');
INSERT INTO Members (MemberID, MemberName, Email, Phone, Join_Date) VALUES (206, "Anjali Verma", "anjali@example.com", "9834657871", '2022-04-03');
INSERT INTO Members (MemberID, MemberName, Email, Phone, Join_Date) VALUES (207, "Rahul Sharma", "rahul@example.com", "9509839301", '2024-11-02');
INSERT INTO Members (MemberID, MemberName, Email, Phone, Join_Date) VALUES (208, "Pooja Verma", "pooja@example.com", "9310518347", '2022-09-05');
INSERT INTO Members (MemberID, MemberName, Email, Phone, Join_Date) VALUES (209, "Sahil Sharma", "sahil@example.com", "9997376311", '2024-07-12');
INSERT INTO Members (MemberID, MemberName, Email, Phone, Join_Date) VALUES (210, "Neha Sharma", "neha@example.com", "9667010651", '2022-04-07');
INSERT INTO Members (MemberID, MemberName, Email, Phone, Join_Date) VALUES (211, "Kuldeep Sharma", "kuldeep@example.com", "9872624731", '2023-09-04');
INSERT INTO Members (MemberID, MemberName, Email, Phone, Join_Date) VALUES (212, "Vikas Sharma", "vikas@example.com", "9080132677", '2022-07-02');
INSERT INTO Members (MemberID, MemberName, Email, Phone, Join_Date) VALUES (213, "Shreya Verma", "shreya@example.com", "9260647468", '2024-12-16');
INSERT INTO Members (MemberID, MemberName, Email, Phone, Join_Date) VALUES (214, "Manish Sharma", "manish@example.com", "9234309805", '2022-01-19');
INSERT INTO Members (MemberID, MemberName, Email, Phone, Join_Date) VALUES (215, "Rohit Sharma", "rohit@example.com", "9788208121", '2024-02-22');
INSERT INTO Borrow_Records (RecordID, BookID, MemberID, Borrow_Date, Return_Date) VALUES (1001, 108, 207, '2025-07-05', NULL);
INSERT INTO Borrow_Records (RecordID, BookID, MemberID, Borrow_Date, Return_Date) VALUES (1002, 119, 204, '2024-03-22', '2024-05-05');
INSERT INTO Borrow_Records (RecordID, BookID, MemberID, Borrow_Date, Return_Date) VALUES (1003, 103, 207, '2024-03-17', '2024-04-11');
INSERT INTO Borrow_Records (RecordID, BookID, MemberID, Borrow_Date, Return_Date) VALUES (1004, 109, 204, '2024-12-18', '2025-01-17');
INSERT INTO Borrow_Records (RecordID, BookID, MemberID, Borrow_Date, Return_Date) VALUES (1005, 105, 211, '2025-01-01', '2025-02-23');
INSERT INTO Borrow_Records (RecordID, BookID, MemberID, Borrow_Date, Return_Date) VALUES (1006, 103, 201, '2024-07-23', '2024-09-02');
INSERT INTO Borrow_Records (RecordID, BookID, MemberID, Borrow_Date, Return_Date) VALUES (1007, 104, 202, '2024-05-03', '2024-05-24');
INSERT INTO Borrow_Records (RecordID, BookID, MemberID, Borrow_Date, Return_Date) VALUES (1008, 105, 215, '2024-11-12', NULL);
INSERT INTO Borrow_Records (RecordID, BookID, MemberID, Borrow_Date, Return_Date) VALUES (1009, 108, 206, '2025-01-17', '2025-03-16');
INSERT INTO Borrow_Records (RecordID, BookID, MemberID, Borrow_Date, Return_Date) VALUES (1010, 118, 212, '2024-12-30', '2025-02-24');
INSERT INTO Borrow_Records (RecordID, BookID, MemberID, Borrow_Date, Return_Date) VALUES (1011, 121, 209, '2025-10-27', NULL);
INSERT INTO Borrow_Records (RecordID, BookID, MemberID, Borrow_Date, Return_Date) VALUES (1012, 110, 215, '2025-07-21', NULL);
INSERT INTO Borrow_Records (RecordID, BookID, MemberID, Borrow_Date, Return_Date) VALUES (1013, 105, 205, '2025-07-09', NULL);
INSERT INTO Borrow_Records (RecordID, BookID, MemberID, Borrow_Date, Return_Date) VALUES (1014, 124, 209, '2025-05-29', '2025-07-11');
INSERT INTO Borrow_Records (RecordID, BookID, MemberID, Borrow_Date, Return_Date) VALUES (1015, 107, 212, '2024-11-18', '2025-01-02');
